{"cameraMode":{"drawMode":0,"name":"Shaded","section":"Shading Mode"},"sceneLighting":false,"audioPlay":false,"sceneViewState":{"showFog":true,"showMaterialUpdate":false,"showSkybox":false,"showFlares":true,"showImageEffects":true,"showParticleSystems":true},"in2DMode":false,"pivot":{"x":-0.019484877586364747,"y":-1.8960591319228116e-7,"z":1.5905297994613648},"rotation":{"x":0.2677284777164459,"y":-0.07188618928194046,"z":0.02003047615289688,"w":0.9606106877326965},"size":1.5104994773864747,"orthographic":false}